{"cameraMode":{"drawMode":0,"name":"Shaded","section":"Shading Mode"},"sceneLighting":false,"audioPlay":false,"sceneViewState":{"m_AlwaysRefresh":false,"showFog":true,"showSkybox":false,"showFlares":true,"showImageEffects":true,"showParticleSystems":true,"showVisualEffectGraphs":true,"m_FxEnabled":true},"in2DMode":false,"pivot":{"x":5.366209506988525,"y":0.5787515640258789,"z":7.965567588806152},"rotation":{"x":0.6700499653816223,"y":-0.01224630419164896,"z":0.011056823655962944,"w":0.7421335577964783},"size":0.7070518136024475,"orthographic":true}