{"cameraMode":{"drawMode":0,"name":"Shaded","section":"Shading Mode"},"sceneLighting":false,"audioPlay":false,"sceneViewState":{"m_AlwaysRefresh":false,"showFog":true,"showSkybox":false,"showFlares":true,"showImageEffects":true,"showParticleSystems":true,"showVisualEffectGraphs":true,"m_FxEnabled":true},"in2DMode":false,"pivot":{"x":5.366209506988525,"y":0.5787515640258789,"z":7.965567111968994},"rotation":{"x":0.6246235966682434,"y":-0.03814525157213211,"z":0.03056606836616993,"w":0.7794079184532166},"size":1.0752205848693848,"orthographic":true}